insert into adinfo values('wyf','123456',1);
insert into adinfo values('wyy','wyy',0);

insert into rgroup values('1','客房','img/room.bmp','酒店客房，有普通标间，豪华套间，单人，双人间，全部设有中央空调，卫星闭路电视、宽带上网及国内国际长途电话、安全监控等配套设施。','入住时间为下午2点，退房时间为中午12点。且只接受一周内的预订。');

insert into rgroup values('2','会议室','img/meeting.jpg','会议室，设备先进，具备电脑，投影仪，音响等设施，环境优雅，大小兼备，服务周到，将满足你各种中小型 会议的需求。','会议室预订只接受一周内的预订。以天计费。');


insert into resource (rid,rgroup,rgid,rlevel,rmoney,rdetail)values(1001,1,'101','单人标间',50.0,'单人间，可宽带上网，免费热水和早餐。浴室卫生间齐全。');
insert into resource (rid,rgroup,rgid,rlevel,rmoney,rdetail)values(1002,1,'102','单人标间',50.0,'单人间，可宽带上网，免费热水和早餐。浴室卫生间齐全。');
insert into resource (rid,rgroup,rgid,rlevel,rmoney,rdetail)values(1003,1,'103','单人标间',50.0,'单人间，可宽带上网，免费热水和早餐。浴室卫生间齐全。');
insert into resource (rid,rgroup,rgid,rlevel,rmoney,rdetail)values(1004,1,'104','单人标间',50.0,'单人间，可宽带上网，免费热水和早餐。浴室卫生间齐全。');
insert into resource (rid,rgroup,rgid,rlevel,rmoney,rdetail)values(1005,1,'105','单人标间',50.0,'单人间，可宽带上网，免费热水和早餐。浴室卫生间齐全。');



insert into resource (rid,rgroup,rgid,rlevel,rmoney,rdetail)values(1006,1,'106','双人标间',80.0,'双人间，宽敞明亮，设备齐全，可宽带上网，免费热水和早餐。');
insert into resource (rid,rgroup,rgid,rlevel,rmoney,rdetail)values(1007,1,'107','双人标间',80.0,'双人间，宽敞明亮，设备齐全，可宽带上网，免费热水和早餐。');
insert into resource (rid,rgroup,rgid,rlevel,rmoney,rdetail)values (1008,1,108,'双人标间',80.0,'双人间，宽敞明亮，设备齐全，可宽带上网，免费热水和早餐。');
insert into resource (rid,rgroup,rgid,rlevel,rmoney,rdetail)values (1009,1,'109','双人标间',80.0,'双人间，宽敞明亮，设备齐全，可宽带上网，免费热水和早餐。');
insert into resource (rid,rgroup,rgid,rlevel,rmoney,rdetail)values (1010,1,'110','双人标间',80.0,'双人间，宽敞明亮，设备齐全，可宽带上网，免费热水和早餐。');

insert into resource (rid,rgroup,rgid,rlevel,rmoney,rdetail) values(1011,1,'201','单人贵宾间',300.0,'设备齐全，可宽带上网，免费热水和早餐。给您宾至如归的感觉');
insert into resource (rid,rgroup,rgid,rlevel,rmoney,rdetail)values(1012,1,'202','单人贵宾间',300.0,'设备齐全，可宽带上网，免费热水和早餐。给您宾至如归的觉。');
insert into resource (rid,rgroup,rgid,rlevel,rmoney,rdetail)values(1013,1,'203','单人贵宾间',300.0,'设备齐全，可宽带上网，免费热水和早餐。给您宾至如归的觉。');
insert into resource (rid,rgroup,rgid,rlevel,rmoney,rdetail)values(1014,1,'204','单人贵宾间',300.0,'设备齐全，可宽带上网，免费热水和早餐。给您宾至如归的感。');
insert into resource (rid,rgroup,rgid,rlevel,rmoney,rdetail)values(1015,1,'205','单人贵宾间',300.0,'设备齐全，可宽带上网，免费热水和早餐。给您宾至如归的感。');
insert into resource (rid,rgroup,rgid,rlevel,rmoney,rdetail)values(1016,1,'206','双人贵宾间',500.0,'宽敞明亮，设备齐全，可宽带上网，免费热水和早餐。不一般的享受');
insert into resource (rid,rgroup,rgid,rlevel,rmoney,rdetail)values(1017,1,'207','双人贵宾间',500.0,'宽敞明亮，设备齐全，可宽带上网，免费热水和早餐。不一般的享受。');
insert into resource (rid,rgroup,rgid,rlevel,rmoney,rdetail)values(1018,1,'208','双人贵宾间',500.0,'宽敞明亮，设备齐全，可宽带上网，免费热水和早餐。不一般的享受。');
insert into resource (rid,rgroup,rgid,rlevel,rmoney,rdetail)values(1019,1,'209','双人贵宾间',500.0,'宽敞明亮，设备齐全，可宽带上网，免费热水和早餐。不一般的享受。');
insert into resource (rid,rgroup,rgid,rlevel,rmoney,rdetail)values(1020,1,'210','双人贵宾间',500.0,'宽敞明亮，设备齐全，可宽带上网，免费热水和早餐。不一般的享受。');


insert into resource (rid,rgroup,rgid,rlevel,rmoney,rdetail)values(1021,2,'01','10人',100.0,'设备先进，具备电脑，投影仪，音响等设施。');
insert into resource (rid,rgroup,rgid,rlevel,rmoney,rdetail)values(1022,2,'02','10人',100.0,'设备先进，具备电脑，投影仪，音响等设施。');
insert into resource (rid,rgroup,rgid,rlevel,rmoney,rdetail)values(1023,2,'03','10人',100.0,'设备先进，具备电脑，投影仪，音响等设施。');
insert into resource (rid,rgroup,rgid,rlevel,rmoney,rdetail)values(1024,2,'04','15人',120.0,'设备先进，具备电脑，投影仪，音响等设施。');
insert into resource (rid,rgroup,rgid,rlevel,rmoney,rdetail)values(1025,2,'05','15人',120.0,'设备先进，具备电脑，投影仪，音响等设施。');
insert into resource (rid,rgroup,rgid,rlevel,rmoney,rdetail)values(1026,2,'06','15人',120.0,'设备先进，具备电脑，投影仪，音响等设施。');
insert into resource (rid,rgroup,rgid,rlevel,rmoney,rdetail)values(1027,2,'07','25人',150.0,'设备先进，具备电脑，投影仪，音响等设施。');
insert into resource (rid,rgroup,rgid,rlevel,rmoney,rdetail)values(1028,2,'08','25人',150.0,'设备先进，具备电脑，投影仪，音响等设施。');
insert into resource (rid,rgroup,rgid,rlevel,rmoney,rdetail)values(1029,2,'09','25人',150.0,'设备先进，具备电脑，投影仪，音响等设施。');
insert into resource (rid,rgroup,rgid,rlevel,rmoney,rdetail)values(1030,2,'10','40人',200.0,'设备先进，具备电脑，投影仪，音响等设施。');
insert into resource (rid,rgroup,rgid,rlevel,rmoney,rdetail)values(1031,2,'11','40人',200.0,'设备先进，具备电脑，投影仪，音响等设施。');
insert into resource (rid,rgroup,rgid,rlevel,rmoney,rdetail)values(1032,2,'12','40人',200.0,'设备先进，具备电脑，投影仪，音响等设施。');
insert into resource (rid,rgroup,rgid,rlevel,rmoney,rdetail)values(1033,2,'13','80人',300.0,'设备先进，具备电脑，投影仪，音响等设施。');
insert into resource (rid,rgroup,rgid,rlevel,rmoney,rdetail)values(1034,2,'14','80人',300.0,'设备先进，具备电脑，投影仪，音响等设施。');
insert into resource (rid,rgroup,rgid,rlevel,rmoney,rdetail)values(1035,2,'15','80人',300.0,'设备先进，具备电脑，投影仪，音响等设施。');
insert into resource (rid,rgroup,rgid,rlevel,rmoney,rdetail)values(1036,2,'16','100人',500.0,'设备先进，具备电脑，投影仪，音响等设施。');
insert into resource (rid,rgroup,rgid,rlevel,rmoney,rdetail)values(1037,2,'17','100人',500.0,'设备先进，具备电脑，投影仪，音响等设施。');
insert into resource (rid,rgroup,rgid,rlevel,rmoney,rdetail)values(1038,2,'18','120人',500.0,'设备先进，具备电脑，投影仪，音响等设施。');